{"x_mean": [0.7887702914140426, 2.9645755916291807, 3.425532955212204, 3.1145853706239, 61.72541071777822, 57.38219245061607, 5.713078427537649, 5.715984255818502, 3.526708879327205], "x_std": [0.43977972150114786, 1.051593814623869, 1.6810454143932871, 1.6657255355977603, 1.282630887452286, 2.0747654321397, 1.1205889746109707, 1.1141068504717402, 0.6903781512479176], "theta": [[3998.309285078064], [4839.349045102762], [102.82494093854609], [582.277617772481], [883.1275061576764], [-21.337509628159722], [-66.2992457421958], [-385.96671238096275], [-153.91844672853873], [-405.437391171283]]}